precision,recall,f1-score,support
0.6845116338532344,0.7066217955062852,0.695391009302401,30309.0
0.689752625518998,0.666970310391363,0.678170185760107,29640.0
0.6870172980366644,0.6870172980366644,0.6870172980366644,0.6870172980366644
0.6871321296861161,0.6867960529488242,0.686780597531254,59949.0
0.6871028863007019,0.6870172980366644,0.6868766852971032,59949.0
