index,fit_time,score_time,test_accuracy,test_precision_weighted,test_recall_weighted,test_f1_weighted,test_roc_auc,model
2,7.613969612121582,1.9561943531036377,0.6814113991422541,0.6815346374126957,0.6814113991422541,0.6812432573505485,0.7506862789211156,RandomForest
0,0.45410952568054197,325.84388651847837,0.6474778174774429,0.6480595644357945,0.6474778174774429,0.6467995861168847,0.7002367652363306,KNeighbors
1,6.318590497970581,1.9704476833343505,0.604002636897943,0.6039940786163933,0.604002636897943,0.6039962834123731,0.6039383626180777,DecisionTree
