fit_time,score_time,test_accuracy,test_precision_weighted,test_recall_weighted,test_f1_weighted,test_roc_auc,model
0.2000959873199463,0.012405776977539062,0.9606210709909627,0.9607486648834469,0.9606210709909627,0.9606188592868758,0.9933453419719747,PassiveAggressive
2.26952919960022,0.014607381820678712,0.9452069647460807,0.9455676867851237,0.9452069647460807,0.9451969878452993,0.9885034368909331,LogisticRegression
552.8813332080841,98.08768787384034,0.9557441643049783,0.955952015541962,0.9557441643049783,0.9557397685870125,0.992428381005728,SVC
0.036719655990600585,7.578052425384522,0.5427502650837599,0.7456958686479523,0.5427502650837599,0.42395798503156945,0.6116366596683965,KNeighbors
20.783319997787476,0.06559624671936035,0.8810212355250853,0.881184162258571,0.8810212355250853,0.8810100343260021,0.8810217527831551,DecisionTree
49.047672271728516,1.1355087757110596,0.9193166069061185,0.9206375098595696,0.9193166069061185,0.9192546322223615,0.9791135273243669,RandomForest
